ESTATÍSTICAS DE UTILIZAÇÃO DE VPN DO 5º CTA – 09:00 ÀS 17:00,,,,,
,,,,,
DATA,NR DE USUÁRIOS VPN CADASTRADOS,NR MÁX CONEXÕES SIMULTÂNEAS VPN,CAPACIDADE TOTAL ENLACES INTERNET,CONSUMO MÉDIO ENLACES INTERNET,CONSUMO MÁX ENLACES INTERNET
3/4/20,-,-,-,-,-
4/4/20,-,-,-,-,-
5/4/20,-,-,-,-,-
6/4/20,1613,57,500 Mbps,93 Mbps,182 Mbps
7/4/20,1622,69,500 Mbps,92 Mbps,185 Mbps
8/4/20,1632,62,500 Mbps,94 Mbps,223 Mbps
9/4/20,1635,57,500 Mbps,51 Mbps,125 Mbps
10/4/20,1635,10,500 Mbps,13 Mbps,50 Mbps
11/4/20,1635,10,500 Mbps,14 Mbps,50 Mbps
12/4/20,1635,8,500 Mbps,14 Mbps,64 Mbps
13/4/20,1644,55,500 Mbps,93 Mbps,204 Mbps
14/4/20,1648,65,500 Mbps,90 Mbps,256 Mbps
15/4/20,1653,57,500 Mbps,92 Mbps,237 Mbps
16/4/20,1656,51,500 Mbps,97 Mbps,416 Mbps
17/4/20,1664,55,500 Mbps,49 Mbps,211 Mbps
18/4/20,1664,13,500 Mbps,17 Mbps,65 Mbps
19/4/20,1664,14,500 Mbps,14 Mbps,132 Mbps
20/4/20,1664,59,500 Mbps,70 Mbps,200 Mbps
21/4/20,1664,20,500 Mbps,14 Mbps,125 Mbps
22/4/20,1674,48,500 Mbps,94 Mbps,206 Mbps
23/4/20,1674,51,500 Mbps,83 Mbps,235 Mbps
24/4/20,1684,47,500 Mbps,48 Mbps,212 Mbps
25/4/20,1684,11,500 Mbps,31 Mbps,275 Mbps
26/4/20,1684,12,500 Mbps,18 Mbps,109 Mbps
27/4/20,1681,54,500 Mbps,87 Mbps,210 Mbps
28/4/20,1685,54,500 Mbps,75 Mbps,184 Mbps
29/4/20,1695,52,500 Mbps,88 Mbps,257 Mbps
30/4/20,1698,50,500 Mbps,99 Mbps,378 Mbps
1/5/20,1698,9,500 Mbps,12 Mbps,47 Mbps
2/5/20,1698,8,500 Mbps,17 Mbps,57 Mbps
3/5/20,1698,12,500 Mbps,15 Mbps,84 Mbps
4/5/20,1698,46,500 Mbps,88 Mbps,205 Mbps
5/5/20,1706,65,500 Mbps,92 Mbps,419 Mbps
6/5/20,1707,52,500 Mbps,90 Mbps,271 Mbps
7/5/20,1707,60,500 Mbps,85 Mbps,231 Mbps
8/5/20,1710,52,500 Mbps,52 Mbps,190 Mbps
9/5/20,1710,9,500 Mbps,22 Mbps,169 Mbps
10/5/20,1710,10,500 Mbps,9 Mbps,42 Mbps
11/5/20,1716,45,500 Mbps,77 Mbps,197 Mbps
12/5/20,1725,51,500 Mbps,84 Mbps,186 Mbps
13/5/20,1746,54,500 Mbps,88 Mbps,283 Mbps
14/5/20,1746,56,500 Mbps,83 Mbps,159 Mbps
15/5/20,1750,61,500 Mbps,53 Mbps,260 Mbps
16/5/20,1750,14,500 Mbps,12 Mbps,50 Mbps
17/5/20,1750,12,500 Mbps,8 Mbps,83 Mbps
18/5/20,1752,58,500 Mbps,93 Mbps,176 Mbps
19/5/20,1768,66,500 Mbps,89 Mbps,186 Mbps
20/5/20,1772,56,500 Mbps,93 Mbps,217 Mbps
21/5/20,1784,56,500 Mbps,91 Mbps,269 Mbps
22/5/20,1786,58,500 Mbps,50 Mbps,216 Mbps
23/5/20,1786,16,500 Mbps,17 Mbps,134 Mbps
24/5/20,1786,12,500 Mbps,14 Mbps,115 Mbps
25/5/20,1787,54,500 Mbps,96 Mbps,218 Mbps
26/5/20,1788,63,500 Mbps,72 Mbps,176 Mbps
27/5/20,1796,61,500 Mbps,82 Mbps,208 Mbps
28/5/20,1798,58,500 Mbps,84 Mbps,272 Mbps
29/5/20,1798,69,500 Mbps,50 Mbps,220 Mbps
30/5/20,1798,14,500 Mbps,12 Mbps,78 Mbps
31/5/20,1798,9,500 Mbps,16 Mbps,111 Mbps
1/6/20,1798,57,500 Mbps,87 Mbps,287 Mbps
2/6/20,1798,60,500 Mbps,89 Mbps,206 Mbps
3/6/20,1809,53,500 Mbps,85 Mbps,190 Mbps
4/6/20,1809,57,500 Mbps,79 Mbps,183 Mbps
5/6/20,1809,56,500 Mbps,42 Mbps,182 Mbps
6/6/20,1809,10,500 Mbps,16 Mbps,73 Mbps
7/6/20,1809,9,500 Mbps,16 Mbps,58 Mbps
8/6/20,1809,64,500 Mbps,91 Mbps,241 Mbps
9/6/20,1809,62,500 Mbps,98 Mbps,282 Mbps
10/6/20,1810,50,500 Mbps,93 Mbps,213 Mbps
11/6/20,1810,22,500 Mbps,11 Mbps,119 Mbps
12/6/20,1810,42,500 Mbps,30 Mbps,114 Mbps
13/6/20,1810,12,500 Mbps,10 Mbps,32 Mbps
14/6/20,1810,11,500 Mbps,13 Mbps,86 Mbps
15/6/20,1810,48,500 Mbps,89 Mbps,260 Mbps
16/6/20,1817,61,500 Mbps,96 Mbps,214 Mbps
17/6/20,1817,53,500 Mbps,90 Mbps,186 Mbps
18/6/20,1821,52,500 Mbps,99 Mbps,220 Mbps
19/6/20,1821,53,500 Mbps,55 Mbps,178 Mbps
20/6/20,1821,14,500 Mbps,16 Mbps,57 Mbps
21/6/20,1821,11,500 Mbps,11 Mbps,100 Mbps
22/6/20,1822,51,500 Mbps,97 Mbps,209 Mbps
23/6/20,1825,47,500 Mbps,96 Mbps,191 Mbps
24/6/20,1825,32,500 Mbps,18 Mbps,96 Mbps
25/6/20,1825,46,500 Mbps,94 Mbps,278 Mbps
26/6/20,1825,52,500 Mbps,61 Mbps,270 Mbps
27/6/20,1825,12,500 Mbps,12 Mbps,48 Mbps
28/6/20,1825,13,500 Mbps,11 Mbps,54 Mbps
29/6/20,1825,45,500 Mbps,99 Mbps,238 Mbps
30/6/20,1836,47,500 Mbps,94 Mbps,218 Mbps
1/7/20,1836,47,500 Mbps,101 Mbps,241 Mbps
2/7/20,1842,41,500 Mbps,85 Mbps,164 Mbps
3/7/20,1842,50,500 Mbps,47 Mbps,183 Mbps
4/7/20,1842,11,500 Mbps,23 Mbps,117 Mbps
5/7/20,1842,14,500 Mbps,15 Mbps,52 Mbps
6/7/20,1842,45,500 Mbps,92 Mbps,181 Mbps
7/7/20,1848,43,500 Mbps,98 Mbps,233 Mbps
8/7/20,1848,44,500 Mbps,104 Mbps,267 Mbps
9/7/20,1849,41,500 Mbps,106 Mbps,286 Mbps
10/7/20,1854,38,500 Mbps,46 Mbps,176 Mbps
11/7/20,1854,12,500 Mbps,18 Mbps,108 Mbps
12/7/20,1854,10,500 Mbps,14 Mbps,100 Mbps
13/7/20,1854,43,500 Mbps,91 Mbps,218 Mbps
14/7/20,1854,37,500 Mbps,95 Mbps,190 Mbps
15/7/20,1858,39,500 Mbps,120 Mbps,260 Mbps
16/7/20,1860,39,500 Mbps,115 Mbps,265 Mbps
17/7/20,1862,40,500 Mbps,62 Mbps,217 Mbps
18/7/20,1862,11,500 Mbps,14 Mbps,63 Mbps
19/7/20,1862,10,500 Mbps,12 Mbps,51 Mbps
20/7/20,1863,47,500 Mbps,96 Mbps,225 Mbps
21/7/20,1864,49,500 Mbps,105 Mbps,233 Mbps
22/7/20,1866,39,500 Mbps,94 Mbps,200 Mbps
23/7/20,1866,45,500 Mbps,103 Mbps,209 Mbps
24/7/20,1866,41,500 Mbps,47 Mbps,180 Mbps
25/7/20,1866,8,500 Mbps,34 Mbps,114 Mbps
26/7/20,1866,9,500 Mbps,13 Mbps,54 Mbps
27/7/20,1866,33,500 Mbps,106 Mbps,309 Mbps
28/7/20,1868,37,500 Mbps,109 Mbps,462 Mbps
29/7/20,1868,37,500 Mbps,108 Mbps,307 Mbps
30/7/20,1870,37,500 Mbps,110 Mbps,337 Mbps
31/7/20,1870,42,500 Mbps,51 Mbps,202 Mbps
1/8/20,1870,8,500 Mbps,17 Mbps,47 Mbps
2/8/20,1870,5,500 Mbps,21 Mbps,59 Mbps
3/8/20,1870,43,500 Mbps,94 Mbps,290 Mbps
4/8/20,1878,37,500 Mbps,106 Mbps,288 Mbps
5/8/20,1881,35,500 Mbps,99 Mbps,285 Mbps
6/8/20,1881,42,500 Mbps,99 Mbps,220 Mbps
7/8/20,1882,40,500 Mbps,55 Mbps,191 Mbps
8/8/20,1882,11,500 Mbps,13 Mbps,37 Mbps
9/8/20,1882,10,500 Mbps,17 Mbps,79 Mbps
10/8/20,1882,44,500 Mbps,107 Mbps,208 Mbps
11/8/20,1883,40,500 Mbps,103 Mbps,263 Mbps
12/8/20,1883,51,500 Mbps,116 Mbps,260 Mbps
13/8/20,1883,40,500 Mbps,150 Mbps,304 Mbps
14/8/20,1891,44,500 Mbps,58 Mbps,297 Mbps
15/8/20,1891,9,500 Mbps,14 Mbps,30 Mbps
16/8/20,1891,10,500 Mbps,16 Mbps,47 Mbps
17/8/20,1891,40,500 Mbps,103 Mbps,246 Mbps
18/8/20,1893,38,500 Mbps,99 Mbps,161 Mbps
19/8/20,1895,35,500 Mbps,110 Mbps,217 Mbps
20/8/20,1887,34,500 Mbps,118 Mbps,207 Mbps
21/8/20,1891,35,500 Mbps,52 Mbps,181 Mbps
22/8/20,1891,9,500 Mbps,15 Mbps,97 Mbps
23/8/20,1891,9,500 Mbps,10 Mbps,37 Mbps
24/8/20,1891,42,500 Mbps,110 Mbps,261 Mbps
25/8/20,1891,18,500 Mbps,20 Mbps,93 Mbps
26/8/20,1893,34,500 Mbps,105 Mbps,304 Mbps
27/8/20,1896,30,500 Mbps,96 Mbps,297 Mbps
28/8/20,1899,39,500 Mbps,61 Mbps,249 Mbps
29/8/20,1899,9,500 Mbps,23 Mbps,114 Mbps
30/8/20,1899,13,500 Mbps,17 Mbps,43 Mbps
31/8/20,1899,34,500 Mbps,102 Mbps,257 Mbps
1/9/20,1901,34,500 Mbps,109 Mbps,223 Mbps
2/9/20,1901,37,500 Mbps,92 Mbps,270 Mbps
3/9/20,1901,30,500 Mbps,100 Mbps,210 Mbps
4/9/20,1901,13,500 Mbps,52 Mbps,257 Mbps
5/9/20,1901,7,500 Mbps,17 Mbps,82 Mbps
6/9/20,1901,9,500 Mbps,14 Mbps,85 Mbps
7/9/20,1900,10,500 Mbps,6 Mbps,57 Mbps
8/9/20,1900,38,500 Mbps,90 Mbps,211 Mbps
9/9/20,1900,39,500 Mbps,89 Mbps,273 Mbps
10/9/20,1902,40,500 Mbps,99 Mbps,242 Mbps
11/9/20,1902,34,500 Mbps,53 Mbps,266 Mbps
12/9/20,1902,9,500 Mbps,19 Mbps,87 Mbps
13/9/20,1902,12,500 Mbps,14 Mbps,75 Mbps
14/9/20,1905,39,500 Mbps,105 Mbps,259 Mbps
15/9/20,1908,34,500 Mbps,93 Mbps,195 Mbps
16/9/20,1908,37,500 Mbps,94 Mbps,215 Mbps
17/9/20,1908,38,500 Mbps,91 Mbps,291 Mbps
18/9/20,1911,34,500 Mbps,48 Mbps,173 Mbps
19/9/20,1911,11,500 Mbps,11 Mbps,69 Mbps
20/9/20,1911,9,500 Mbps,13 Mbps,40 Mbps
21/9/20,1911,29,500 Mbps,100 Mbps,253 Mbps
22/9/20,1911,31,500 Mbps,122 Mbps,352 Mbps
23/9/20,1912,30,500 Mbps,110 Mbps,241 Mbps
24/9/20,1914,29,500 Mbps,110 Mbps,211 Mbps
25/9/20,1914,29,500 Mbps,48 Mbps,215 Mbps
26/9/20,1914,10,500 Mbps,17 Mbps,54 Mbps
27/9/20,1914,14,500 Mbps,16 Mbps,69 Mbps
28/9/20,1914,32,500 Mbps,121 Mbps,263 Mbps
29/9/20,1914,30,500 Mbps,117 Mbps,327 Mbps
30/9/20,1885,35,500 Mbps,97 Mbps,284 Mbps
1/10/20,1887,24,500 Mbps,99 Mbps,257 Mbps
2/10/20,1888,26,500 Mbps,54 Mbps,224 Mbps
3/10/20,1888,8,500 Mbps,29 Mbps,153 Mbps
4/10/20,1888,6,500 Mbps,17 Mbps,87 Mbps
5/10/20,1888,29,500 Mbps,108 Mbps,249 Mbps
6/10/20,1893,33,500 Mbps,104 Mbps,294 Mbps
7/10/20,1895,31,500 Mbps,103 Mbps,319 Mbps
8/10/20,1903,31,500 Mbps,98 Mbps,207 Mbps
9/10/20,1903,30,500 Mbps,55 Mbps,203 Mbps
10/10/20,1903,6,500 Mbps,11 Mbps,71 Mbps
11/10/20,1903,6,500 Mbps,11 Mbps,51 Mbps
12/10/20,1903,11,500 Mbps,16 Mbps,59 Mbps
13/10/20,1903,26,500 Mbps,108 Mbps,234 Mbps
14/10/20,1903,29,500 Mbps,108 Mbps,214 Mbps
15/10/20,1903,29,500 Mbps,106 Mbps,220 Mbps
16/10/20,1903,26,500 Mbps,54 Mbps,210 Mbps
17/10/20,1903,12,500 Mbps,18 Mbps,97 Mbps
18/10/20,1903,7,500 Mbps,15 Mbps,60 Mbps
19/10/20,1903,30,500 Mbps,116 Mbps,274 Mbps
20/10/20,1904,35,500 Mbps,121 Mbps,202 Mbps
21/10/20,1904,30,500 Mbps,116 Mbps,319 Mbps
22/10/20,1905,28,500 Mbps,113 Mbps,285 Mbps
23/10/20,1903,29,500 Mbps,54 Mbps,180 Mbps
24/10/20,1903,8,500 Mbps,27 Mbps,108 Mbps
25/10/20,1903,8,500 Mbps,16 Mbps,74 Mbps
26/10/20,1905,30,500 Mbps,113 Mbps,209 Mbps
27/10/20,1906,33,500 Mbps,97 Mbps,257 Mbps
28/10/20,1907,33,500 Mbps,103 Mbps,319 Mbps
29/10/20,1907,29,500 Mbps,97 Mbps,187 Mbps
30/10/20,1907,31,500 Mbps,73 Mbps,238 Mbps
31/10/20,1907,11,500 Mbps,11 Mbps,49 Mbps
01/11/20,1907,9,500 Mbps,10 Mbps,42 Mbps
02/11/20,1907,14,500 Mbps,10 Mbps,77 Mbps
03/11/20,1907,33,500 Mbps,98 Mbps,363 Mbps
04/11/20,1907,32,500 Mbps,120 Mbps,319 Mbps
05/11/20,1909,26,500 Mbps,98 Mbps,314 Mbps
06/11/20,1909,29,500 Mbps,54 Mbps,200 Mbps
07/11/20,1909,8,500 Mbps,18 Mbps,70 Mbps
08/11/20,1909,9,500 Mbps,14 Mbps,42 Mbps
09/11/20,1909,31,500 Mbps,99 Mbps,189 Mbps
10/11/20,1910,29,500 Mbps,95 Mbps,190 Mbps
11/11/20,1914,31,500 Mbps,101 Mbps,259 Mbps
12/11/20,1914,31,500 Mbps,104 Mbps,308 Mbps
13/11/20,1915,27,500 Mbps,76 Mbps,234 Mbps
14/11/20,1915,14,500 Mbps,46 Mbps,101 Mbps
15/11/20,1915,10,500 Mbps,55 Mbps,111 Mbps
16/11/20,1916,27,500 Mbps,90 Mbps,158 Mbps
17/11/20,1916,27,500 Mbps,94 Mbps,198 Mbps
18/11/20,1918,26,500 Mbps,100 Mbps,211 Mbps
19/11/20,1918,23,500 Mbps,35 Mbps,172 Mbps
20/11/20,1918,31,500 Mbps,46 Mbps,160 Mbps
21/11/20,1918,11,500 Mbps,10 Mbps,35 Mbps
22/11/20,1918,7,500 Mbps,14 Mbps,67 Mbps
23/11/20,1918,28,500 Mbps,111 Mbps,235 Mbps
24/11/20,1918,30,500 Mbps,109 Mbps,231 Mbps
25/11/20,1918,31,500 Mbps,118 Mbps,211 Mbps
26/11/20,1754,27,500 Mbps,113 Mbps,286 Mbps
27/11/20,1512,28,500 Mbps,60 Mbps,206 Mbps
28/11/20,1512,11,500 Mbps,24 Mbps,100 Mbps
29/11/20,1512,9,500 Mbps,44 Mbps,220 Mbps
30/11/20,1512,24,500 Mbps,114 Mbps,241 Mbps
01/12/20,1512,27,500 Mbps,94 Mbps,251 Mbps
02/12/20,1512,28,500 Mbps,103 Mbps,280 Mbps
03/12/20,1509,25,500 Mbps,104 Mbps,436 Mbps
04/12/20,1509,27,500 Mbps,51 Mbps,256 Mbps
05/12/20,1509,7,500 Mbps,12 Mbps,76 Mbps
06/12/20,1509,9,500 Mbps,11 Mbps,60 Mbps
07/12/20,1509,25,500 Mbps,52 Mbps,218 Mbps
08/12/20,1509,20,500 Mbps,20 Mbps,74 Mbps
09/12/20,1512,25,500 Mbps,55 Mbps,156 Mbps
10/12/20,1512,29,500 Mbps,63 Mbps,432 Mbps
11/12/20,1513,26,500 Mbps,64 Mbps,231 Mbps
12/12/20,1513,14,500 Mbps,20 Mbps,91 Mbps
13/12/20,1513,10,500 Mbps,12 Mbps,62 Mbps
14/12/20,1518,22,500 Mbps,85 Mbps,176 Mbps
15/12/20,1518,26,500 Mbps,62 Mbps,167 Mbps
16/12/20,1521,24,500 Mbps,71 Mbps,447 Mbps
17/12/20,1521,24,500 Mbps,66 Mbps,253 Mbps
18/12/20,1524,22,500 Mbps,55 Mbps,226 Mbps
19/12/20,1524,10,500 Mbps,19 Mbps,80 Mbps
20/12/20,1524,11,500 Mbps,12 Mbps,52 Mbps
21/12/20,1524,20,500 Mbps,55 Mbps,242 Mbps
22/12/20,1524,19,500 Mbps,61 Mbps,218 Mbps
23/12/20,1528,21,500 Mbps,54 Mbps,183 Mbps
24/12/20,1528,7,500 Mbps,52 Mbps,168 Mbps
25/12/20,1528,10,500 Mbps,9 Mbps,36 Mbps
26/12/20,1528,5,500 Mbps,17 Mbps,53 Mbps
27/12/20,1528,8,500 Mbps,16 Mbps,47 Mbps
28/12/20,1528,21,500 Mbps,64 Mbps,268 Mbps
29/12/20,1539,16,500 Mbps,60 Mbps,245 Mbps
30/12/20,1539,30,500 Mbps,38 Mbps,137 Mbps
31/12/20,1539,20,500 Mbps,32 Mbps,168 Mbps
01/01/21,1539,6,500 Mbps,14 Mbps,65 Mbps
02/01/21,1539,5,500 Mbps,42 Mbps,182 Mbps
03/01/21,1539,6,500 Mbps,10 Mbps,43 Mbps
04/01/21,1541,29,500 Mbps,36 Mbps,203 Mbps
05/01/21,1541,23,500 Mbps,52 Mbps,175 Mbps
06/01/21,1545,23,500 Mbps,51 Mbps,224 Mbps
07/01/21,1545,24,500 Mbps,48 Mbps,186 Mbps
08/01/21,1546,29,500 Mbps,58 Mbps,221 Mbps
09/01/21,1546,7,500 Mbps,13 Mbps,113 Mbps
10/01/21,1546,8,500 Mbps,20 Mbps,78 Mbps
11/01/21,1546,23,500 Mbps,53 Mbps,205 Mbps
12/01/21,1546,24,500 Mbps,58 Mbps,226 Mbps
13/01/21,1546,28,500 Mbps,57 Mbps,232 Mbps
14/01/21,1546,30,500 Mbps,55 Mbps,173 Mbps
15/01/21,1551,23,500 Mbps,51 Mbps,191 Mbps
16/01/21,1551,11,500 Mbps,15 Mbps,59 Mbps
17/01/21,1551,11,500 Mbps,14 Mbps,67 Mbps
18/01/21,1551,29,500 Mbps,56 Mbps,177 Mbps
19/01/21,1554,25,500 Mbps,68 Mbps,242 Mbps
20/01/21,1495,25,500 Mbps,80 Mbps,420 Mbps
21/01/21,1495,22,500 Mbps,66 Mbps,284 Mbps
22/01/21,1496,30,500 Mbps,52 Mbps,221 Mbps
23/01/21,1496,9,500 Mbps,24 Mbps,117 Mbps
24/01/21,1496,9,500 Mbps,24 Mbps,116 Mbps
25/01/21,1551,32,500 Mbps,57 Mbps,167 Mbps
26/01/21,1554,21,500 Mbps,59 Mbps,203 Mbps
27/01/21,1495,22,500 Mbps,51 Mbps,186 Mbps
28/01/21,1495,20,500 Mbps,57 Mbps,187 Mbps
29/01/21,1495,25,500 Mbps,55 Mbps,229 Mbps
30/01/21,1495,10,500 Mbps,19 Mbps,57 Mbps
31/01/21,1495,12,500 Mbps,15 Mbps,61 Mbps
01/02/21,1505,22,500 Mbps,53 Mbps,240 Mbps
02/02/21,1505,35,500 Mbps,54 Mbps,180 Mbps
03/02/21,1505,30,500 Mbps,57 Mbps,209 Mbps
04/02/21,1507,30,500 Mbps,54 Mbps,177 Mbps
05/02/21,1509,indisponível,500 Mbps,indisponível,indisponível
06/02/21,1509,indisponível,500 Mbps,indisponível,indisponível
07/02/21,1509,indisponível,500 Mbps,indisponível,indisponível
08/02/21,1509,indisponível,500 Mbps,indisponível,indisponível
09/02/21,1516,indisponível,500 Mbps,indisponível,indisponível
10/02/21,1517,indisponível,500 Mbps,indisponível,indisponível
11/02/21,1517,indisponível,500 Mbps,indisponível,indisponível
12/02/21,1517,27,500 Mbps,47 Mbps,164 Mbps
13/02/21,1517,15,500 Mbps,14 Mbps,48 Mbps
14/02/21,1517,7,500 Mbps,14 Mbps,53 Mbps
15/02/21,1517,14,500 Mbps,9 Mbps,41 Mbps
16/02/21,1517,12,500 Mbps,18 Mbps,185 Mbps
17/02/21,1518,23,500 Mbps,100 Mbps,322 Mbps
18/02/21,1520,28,500 Mbps,85 Mbps,145 Mbps
19/02/21,1533,30,500 Mbps,48 Mbps,148 Mbps
20/02/21,1533,11,500 Mbps,19 Mbps,119 Mbps
21/02/21,1533,8,500 Mbps,14 Mbps,119 Mbps
22/02/21,1533,25,500 Mbps,90 Mbps,189 Mbps
23/02/21,1533,28,500 Mbps,100 Mbps,249 Mbps
24/02/21,1534,26,500 Mbps,84 Mbps,187 Mbps
25/02/21,1534,25,500 Mbps,90 Mbps,181 Mbps
26/02/21,1540,26,500 Mbps,56 Mbps,240 Mbps
27/02/21,1540,8,500 Mbps,13 Mbps,60 Mbps
28/02/21,1540,10,500 Mbps,17 Mbps,68 Mbps
01/03/21,1547,28,500 Mbps,91 Mbps,234 Mbps
02/03/21,1552,29,500 Mbps,89 Mbps,241 Mbps
03/03/21,1544,25,500 Mbps,91 Mbps,196 Mbps
04/03/21,1549,38,500 Mbps,96 Mbps,171 Mbps
05/03/21,1551,27,500 Mbps,54 Mbps,203 Mbps
06/03/21,1551,13,500 Mbps,17 Mbps,60 Mbps
07/03/21,1551,12,500 Mbps,13 Mbps,37 Mbps
08/03/21,1551,9,500 Mbps,95 Mbps,260 Mbps
09/03/21,1551,31,500 Mbps,88 Mbps,184 Mbps
10/03/21,1560,29,500 Mbps,96 Mbps,236 Mbps
11/03/21,1578,31,500 Mbps,105 Mbps,277 Mbps
12/03/21,1578,31,500 Mbps,76 Mbps,253 Mbps
13/03/21,1578,27,500 Mbps,18 Mbps,119 Mbps
14/03/21,1578,14,500 Mbps,10 Mbps,44 Mbps
15/03/21,1578,32,500 Mbps,126 Mbps,451 Mbps
16/03/21,1584,26,500 Mbps,103 Mbps,239 Mbps
17/03/21,1586,27,500 Mbps,83 Mbps,207 Mbps
18/03/21,1586,34,500 Mbps,86 Mbps,236 Mbps
19/03/21,1592,30,500 Mbps,53 Mbps,177 Mbps
20/03/21,1592,14,500 Mbps,16 Mbps,125 Mbps
21/03/21,1592,9,500 Mbps,23 Mbps,87 Mbps
22/03/21,1592,34,500 Mbps,31 Mbps,264 Mbps
23/03/21,1592,34,500 Mbps,52 Mbps,190 Mbps
24/03/21,1632,38,500 Mbps,102 Mbps,269 Mbps
25/03/21,1632,37,500 Mbps,84 Mbps,298 Mbps
26/03/21,1636,41,500 Mbps,44 Mbps,154 Mbps
27/03/21,1636,9,500 Mbps,14 Mbps,58 Mbps
28/03/21,1636,14,500 Mbps,18 Mbps,88 Mbps
29/03/21,1642,44,500 Mbps,84 Mbps,222 Mbps
30/03/21,1652,44,500 Mbps,83 Mbps,195 Mbps
31/03/21,1680,39,500 Mbps,78 Mbps,158 Mbps
01/04/21,1686,33,500 Mbps,25 Mbps,114 Mbps
02/04/21,1691,13,500 Mbps,7 Mbps,53 Mbps
03/04/21,1691,8,500 Mbps,21 Mbps,58 Mbps
04/04/21,1691,9,500 Mbps,12 Mbps,62 Mbps
05/04/21,1736,32,500 Mbps,77 Mbps,202 Mbps
06/04/21,1740,indisponível,500 Mbps,60 Mbps,178 Mbps
07/04/21,1763,indisponível,500 Mbps,74 Mbps,171 Mbps
08/04/21,1763,indisponível,500 Mbps,76 Mbps,207 Mbps
09/04/21,1775,indisponível,500 Mbps,47 Mbps,171 Mbps
10/04/21,1775,indisponível,500 Mbps,10 Mbps,51 Mbps
11/04/21,1775,indisponível,500 Mbps,7 Mbps,67 Mbps
12/04/21,1779,indisponível,500 Mbps,61 Mbps,172 Mbps
13/04/21,1779,38,500 Mbps,72 Mbps,218 Mbps
14/04/21,1804,37,500 Mbps,81 Mbps,161 Mbps
15/04/21,1805,35,500 Mbps,76 Mbps,167 Mbps
16/04/21,1805,40,500 Mbps,42 Mbps,151 Mbps
17/04/21,1805,13,500 Mbps,13 Mbps,122 Mbps
18/04/21,1805,10,500 Mbps,17 Mbps,70 Mbps
19/04/21,1805,20,500 Mbps,12 Mbps,47 Mbps
20/04/21,1805,45,500 Mbps,83 Mbps,170 Mbps
21/04/21,1805,15,500 Mbps,8 Mbps,42 Mbps
22/04/21,1815,48,500 Mbps,83 Mbps,191 Mbps
23/04/21,1843,43,500 Mbps,43 Mbps,156 Mbps
24/04/21,1843,13,500 Mbps,13 Mbps,48 Mbps
25/04/21,1843,12,500 Mbps,8 Mbps,35 Mbps
26/04/21,1843,43,500 Mbps,86 Mbps,203 Mbps
27/04/21,1843,46,500 Mbps,71 Mbps,148 Mbps
28/04/21,1843,47,500 Mbps,94 Mbps,171 Mbps
29/04/21,1853,43,500 Mbps,69 Mbps,366 Mbps
30/04/21,1853,43,500 Mbps,38 Mbps,122 Mbps
01/05/21,1853,12,500 Mbps,16 Mbps,52 Mbps
02/05/21,1853,13,500 Mbps,16 Mbps,62 Mbps
03/05/21,1853,41,500 Mbps,72 Mbps,289 Mbps
04/05/21,1853,46,500 Mbps,81 Mbps,222 Mbps
05/05/21,1853,43,500 Mbps,94 Mbps,318 Mbps
06/05/21,1856,51,500 Mbps,143 Mbps,332 Mbps
07/05/21,1856,36,500 Mbps,71 Mbps,276 Mbps
08/05/21,1856,9,500 Mbps,23 Mbps,98 Mbps
09/05/21,1856,7,500 Mbps,11 Mbps,55 Mbps
10/05/21,1853,31,500 Mbps,125 Mbps,302 Mbps
11/05/21,1859,33,500 Mbps,118 Mbps,239 Mbps
12/05/21,1859,37,500 Mbps,119 Mbps,320 Mbps
13/05/21,1863,44,500 Mbps,91 Mbps,266 Mbps
14/05/21,1863,42,500 Mbps,53 Mbps,232 Mbps
15/05/21,1863,15,500 Mbps,12 Mbps,90 Mbps
16/05/21,1863,10,500 Mbps,16 Mbps,79 Mbps
17/05/21,1863,41,500 Mbps,113 Mbps,271 Mbps
18/05/21,1869,40,500 Mbps,116 Mbps,251 Mbps
19/05/21,1849,45,500 Mbps,111 Mbps,373 Mbps
20/05/21,1862,34,500 Mbps,108 Mbps,227 Mbps
21/05/21,1864,43,500 Mbps,58 Mbps,220 Mbps
22/05/21,1864,10,500 Mbps,14 Mbps,112 Mbps
23/05/21,1864,10,500 Mbps,22 Mbps,138 Mbps
24/05/21,1865,38,500 Mbps,109 Mbps,230 Mbps
25/05/21,1865,39,500 Mbps,110 Mbps,244 Mbps
26/05/21,1865,36,500 Mbps,114 Mbps,263 Mbps
27/05/21,1868,38,500 Mbps,111 Mbps,248 Mbps
28/05/21,1871,35,500 Mbps,54 Mbps,239 Mbps
29/05/21,1871,19,500 Mbps,14 Mbps,62 Mbps
30/05/21,1871,16,500 Mbps,15 Mbps,69 Mbps
31/05/21,1871,43,500 Mbps, 128 Mbps,259 Mbps
01/06/21,1871,37,500 Mbps,109 Mbps,298 Mbps
02/06/21,1873,43,500 Mbps,108 Mbps,266 Mbps
03/06/21,1873,22,500 Mbps,14 Mbps,85 Mbps
04/06/21,1873,37,500 Mbps,38 Mbps,191 Mbps
05/06/21,1873,14,500 Mbps,14 Mbps,75 Mbps
06/06/21,1873,13,500 Mbps,17 Mbps,70 Mbps
07/06/21,1873,35,500 Mbps,111 Mbps,324 bps
08/06/21,1874,46,500 Mbps,118 Mbps,249 Mbps
09/06/21,1874,47,500 Mbps,124 Mbps,255 Mbps
10/06/21,1874,49,500 Mbps,115 Mbps,286 Mbps
11/06/21,1874,34,500 Mbps,60 Mbps,230 Mbps
12/06/21,1874,7,500 Mbps,15 Mbps,62 Mbps
13/06/21,1874,11,500 Mbps,11 Mbps,53 Mbps
14/06/21,1876,35,500 Mbps,128 Mbps,315 Mbps
15/06/21,1880,36,500 Mbps,122 Mbps,325 Mbps
16/06/21,1880,36,500 Mbps,107 Mbps,262 Mbps
17/06/21,1884,40,500 Mbps,113 Mbps,241 Mbps
18/06/21,1884,40,500 Mbps,55 Mbps,221 Mbps
19/06/21,1884,11,500 Mbps,19 Mbps,65 Mbps
20/06/21,1884,11,500 Mbps,14 Mbps,67 Mbps
21/06/21,1884,35,500 Mbps,103 Mbps,276 Mbps
22/06/21,1884,37,500 Mbps,106 Mbps,271 Mbps
23/06/21,1885,41,500 Mbps,105 Mbps,257 Mbps
24/06/21,1885,22,500 Mbps,30 Mbps,125 Mbps
25/06/21,1885,35,500 Mbps,57 Mbps,296 Mbps
26/06/21,1885,9,500 Mbps,14 Mbps,80 Mbps
27/06/21,1885,13,500 Mbps,18 Mbps,47 Mbps
28/06/21,1886,38,500 Mbps,113 Mbps,280 Mbps
29/06/21,1886,37,500 Mbps,113 Mbps,237 Mbps
30/06/21,1889,48,500 Mbps,105 Mbps,267 Mbps
01/07/21,1889,37,500 Mbps,100 Mbps,227 Mbps
02/07/21,1889,44,500 Mbps,54 Mbps,218 Mbps
03/07/21,1889,10,500 Mbps,16 Mbps,102 Mbps
04/07/21,1889,10,500 Mbps,11 Mbps,50 Mbps
05/07/21,1891,37,500 Mbps,100 Mbps,237 Mbps
06/07/21,1891,48,500 Mbps,99 Mbps,276 Mbps
07/07/21,1891,41,500 Mbps,96 Mbps,269 Mbps
08/07/21,1894,46,500 Mbps,96 Mbps,274 Mbps
09/07/21,1894,33,500 Mbps,53 Mbps,277 Mbps
10/07/21,1894,10,500 Mbps,23 Mbps,95 Mbps
11/07/21,1894,11,500 Mbps,14 Mbps,76 Mbps
12/07/21,1895,31,500 Mbps,89 Mbps,266 Mbps
13/07/21,1895,38,500 Mbps,94 Mbps,225 Mbps
14/07/21,1897,35,500 Mbps,102 Mbps,239 Mbps
15/07/21,1901,30,500 Mbps,114 Mbps,252 Mbps
16/07/21,1901,32,500 Mbps,58 Mbps,223 Mbps
17/07/21,1901,10,500 Mbps,17 Mbps,93 Mbps
18/07/21,1901,9,500 Mbps,20 Mbps,73 Mbps
19/07/21,1901,42,500 Mbps,100 Mbps,213 Mbps
20/07/21,1901,39,500 Mbps,102 Mbps,371 Mbps
21/07/21,1901,47,500 Mbps,112 Mbps,327 Mbps
22/07/21,1902,32,500 Mbps,109 Mbps,298 Mbps
23/07/21,1902,40,500 Mbps,43 Mbps,192 Mbps
24/07/21,1902,9,500 Mbps,29 Mbps,73 Mbps
25/07/21,1902,10,500 Mbps,17 Mbps,55 Mbps
26/07/21,1902,37,500 Mbps,115 Mbps,283 Mbps
27/07/21,1902,42,500 Mbps,109 Mbps,364 Mbps
28/07/21,1910,39,500 Mbps,116 Mbps,241 Mbps
29/07/21,1910,42,500 Mbps,120 Mbps,275 Mbps
30/07/21,1910,39,500 Mbps,45 Mbps,266 Mbps
31/07/21,1910,11,500 Mbps,8 Mbps,32 Mbps
01/08/21,1910,11,500 Mbps,19 Mbps,89 Mbps
02/08/21,1910,40,500 Mbps,112 Mbps,250 Mbps
03/08/21,1910,39,500 Mbps,122 Mbps,326 Mbps
04/08/21,1910,34,500 Mbps,130 Mbps,463 Mbps
05/08/21,1913,36,500 Mbps,117 Mbps,253 Mbps
06/08/21,1913,33,500 Mbps,78 Mbps,305 Mbps
07/08/21,1913,8,500 Mbps,18 Mbps,70 Mbps
08/08/21,1913,7,500 Mbps,24 Mbps,61 Mbps
09/08/21,1913,43,500 Mbps,132 Mbps,306 Mbps
10/08/21,1914,39,500 Mbps,131 Mbps,284 Mbps
11/08/21,1915,39,500 Mbps,124 Mbps,392 Mbps
12/08/21,1915,36,500 Mbps,128 Mbps,314 Mbps
13/08/21,1915,32,500 Mbps,64 Mbps,205 Mbps
14/08/21,1915,10,500 Mbps,18 Mbps,84 Mbps
15/08/21,1915,6,500 Mbps,29 Mbps,233 Mbps
16/08/21,1915,30,500 Mbps,113 Mbps,258 Mbps
17/08/21,1913,34,500 Mbps,93 Mbps,271 Mbps
18/08/21,1913,31,500 Mbps,111 Mbps,265 Mbps
19/08/21,1913,28,500 Mbps,124 Mbps,290 Mbps
20/08/21,1913,37,500 Mbps,58 Mbps,223 Mbps
21/08/21,1913,9,500 Mbps,16 Mbps,79 Mbps
22/08/21,1913,9,500 Mbps,20 Mbps,89 Mbps
23/08/21,,,,,
24/08/21,,,,,
25/08/21,,,,,
26/08/21,,,,,
